latitude,longitude
40.76296714153011,-73.98688264301171
40.76447688538101,-73.97026970143592
40.75565846625277,-73.9878413695695
40.77379212815508,-73.97782565270847
40.753305256140656,-73.98007439956415
40.75336582307188,-73.9901572975357
40.760419622715666,-74.00463280244658
40.74075082167487,-73.9911228752924
40.74787168879666,-73.98235752667405
40.74891975924479,-73.99962303701335
40.77265648768922,-73.98775776300486
40.75867528204688,-73.99974748186213
40.75255617275475,-73.9843907741029
40.74649006422578,-73.98174301981655
40.751993613100815,-73.98841693749793
40.751982933877706,-73.96697721815491
40.75786502775262,-73.99607710928956
40.76622544912104,-73.9977084364997
40.76008863595005,-74.0050967012388
40.744718139511015,-73.9835313876413
40.76538466579996,-73.9837863171881
40.75684351717612,-73.9885110369559
40.74321478009633,-73.99269844208395
40.7533936122904,-73.97492877773782
40.761436182895686,-74.00313040155363
40.76124083969395,-73.98935082280417
40.751230779996945,-73.97938323711159
40.76830999522496,-73.97618719880884
40.74960782476778,-73.98859212375851
40.76131263431404,-73.97574454872878
40.75320825762155,-73.98735658976663
40.74693665025994,-73.99746206624081
40.766125258223944,-73.9719375997143
40.7572798987842,-73.97546467102109
40.76161636025048,-73.99195119754606
40.761613956055086,-73.97011963433535
40.7576417396089,-73.96985356344186
40.7318025489591,-73.97728097495624
40.75887047068238,-73.98849007350466
40.758917607765355,-74.005375689146
40.75580328112163,-73.98192887428489
40.77277894044742,-73.99068270218274
40.74991506397107,-73.99051757043584
40.76715402117702,-73.9822124889034
40.75270239796233,-73.98036732566887
40.75897077549348,-73.97581355009467
40.75097946906123,-73.98877662146597
40.75407891846868,-74.00013514948132
40.76096120277065,-73.9828894472782
40.75805113456643,-73.98784587133375
40.7438462925795,-73.98970645322765
40.754572854834734,-73.99352277269222
40.75638714288334,-73.98145949143186
40.77686185901211,-73.98375422187168
40.76057550390723,-73.98624445915766
40.73881228784701,-73.98576513875449
40.75860230209941,-73.96086757887515
40.75607639035219,-73.98248452657667
40.75765288230295,-73.9971867803762
40.76942822814515,-73.97798066967313
40.765910319470436,-73.99459387454795
40.772027943109364,-73.99951851062792
40.76386857093801,-73.96359544374191
40.7480946367487,-73.99116297729603
40.75899651365088,-73.99053475654117
40.74249336568934,-73.98481437025194
40.747376962862745,-73.98076407569366
40.748805757657664,-73.97000065594983
40.75016746707664,-73.98872061516205
40.7661351721737,-73.99780864316435
40.76027459934605,-73.97242857245718
40.741925167654394,-73.98365366141468
40.76059882794249,-73.97768177128223
40.74563049289122,-73.99870456613084
40.763219415656174,-73.98253015326767
40.76050492850346,-73.98203551790503
40.75119975278422,-73.9831774630284
40.76093072473299,-73.99264351418026
40.77665774511145,-73.98076167079088
40.74608696502798,-73.97893446391366
40.74825318329773,-73.97762915396258
40.76958595579008,-73.99370682318352
40.767633761292444,-73.98137219073064
40.76622060159995,-73.96653207017346
40.75554611883997,-73.99303736164357
40.74910485570375,-73.99365810284965
40.757228982905865,-73.98208848025183
40.7607669079933,-73.97722816750964
40.758130018918784,-73.97096465922843
40.75535343166762,-73.95829830833411
40.764256673477654,-73.99407157556416
40.74729107501939,-73.98067527584757
40.75576537214675,-73.97835999505908
40.76273237624574,-73.98622828912657
40.74953206281932,-74.00064847224687
40.75353485047933,-73.97693601205677
40.76014093744131,-73.99795738778712
40.75973180925851,-73.98164682620272
40.74916142563799,-73.98396274894054
40.758582087184465,-73.9969297029783
40.761577873603486,-73.97989215473632
40.768830512431755,-73.97496197947966
40.74422330632043,-73.99487825039915
40.76315035267209,-73.98036214049088
40.76315047686306,-73.94697268509346
40.76370890510693,-73.9741443435982
40.767540017634936,-73.97898608748694
40.7548473075536,-73.97791030779507
40.750271747854626,-73.9878681860674
40.75314636452171,-73.98468125860614
40.78114658566674,-74.00417265192591
40.76486260190375,-74.0016271587119
40.75328068134211,-73.97461049403033
40.758642800190955,-73.99627744777929
40.7508469629074,-73.97870402251066
40.75069633368283,-73.98333541410418
40.75845571839904,-73.99201600347607
40.779439440893256,-73.97916080977681
40.73774857413343,-73.98363545685231
40.751382135352316,-73.97697566665204
40.75007479261568,-73.98664736441467
40.76304987278981,-73.9768424480583
40.74599703592944,-73.98884501235841
40.753250546888395,-73.99203329232574
40.77565454240281,-73.9814501828904
40.745391160456656,-73.97632138052946
40.77922156197013,-73.9751753473945
40.74280630034046,-73.99034234072866
40.77066911149187,-73.9925766946562
40.762438194281465,-73.9777536594657
40.74873069528422,-73.98609525356062
40.72558732659931,-73.99574387641334
40.75547431848607,-73.99797783181965
40.77432411303932,-73.99980141377961
40.753599555133036,-73.98419259422714
40.772412732890665,-73.99985862151179
40.76963163752155,-73.98539766938981
40.748184913489524,-73.98087896525738
40.75999059695574,-73.99150216877159
40.758698020849906,-73.98935313596861
40.75913517345251,-73.97887869325479
40.773860168161455,-73.99787815498827
40.779330333746564,-74.00502087799522
40.756482149049646,-73.97961682793516
40.76080991867735,-73.9917269951982
40.75591877749643,-73.9904300093466
40.75210635243056,-73.97700397902979
40.761570154859655,-73.9924290959526
40.76699599875433,-73.98242700479123
40.76612862118839,-73.97920371158077
40.74971004989078,-73.99110181040197
40.76547293605123,-73.97939629734567
40.757790984060364,-73.98432672616691
40.770776648957884,-73.99141571388836
40.7634709738117,-73.98752192652434
40.75582318796773,-73.97451223148013
40.76625416348988,-73.97736490364
40.771054788071545,-73.98528996158367
40.76481952971295,-73.98860266756594
40.761241663524885,-73.98680143054368
40.75896995964993,-73.97954842974563
40.749817793167665,-73.96457612724315
40.747939826185004,-73.99764188612788
40.769581108735004,-73.97758337306037
40.764241198170524,-73.97921654490736
40.757877532271536,-73.99447254371486
40.75875804558194,-73.99227161711512
40.76775119733418,-73.98697057381503
40.74974502803208,-73.98871385841653
40.76212931454276,-73.99113724552804
40.74977779604434,-73.98306312788509
40.76044966571109,-73.99056943175371
40.75328961694382,-73.98317950062642
40.74351915658503,-73.99957463774376
40.750815557787476,-73.98763447151713
40.76110907565598,-73.97074643783051
40.76657659623202,-73.98709938529963
40.75780983792097,-73.99552529364638
40.75781486864008,-73.9883865863892
40.76122718560338,-73.99377230943553
40.763193465142415,-73.97017261086998
40.75691239851543,-73.98148288277902
40.76490143991711,-73.98951220471886
40.760240924818106,-73.98537407599218
40.75897676098549,-73.99323009783856
40.758245101742595,-73.98052001708754
40.772511436077956,-73.97590729173915
40.779531824575116,-73.99317347562888
40.76672320636721,-73.98366657994262
40.77989802933218,-73.99358298285355
40.7496027815782,-73.99149392645444
40.7367610427569,-73.99075755021681
40.75040867338446,-73.98399606213523
40.761417559757774,-73.96673829160784
40.76750423838186,-73.99126903655663
40.74901585328652,-73.98058080828494
40.744797667929795,-73.96718541234146
40.769794401207214,-73.99019175652104
40.7408686547091,-73.97196127625834
40.756854601547474,-73.97312183688027
40.69685572341206,-74.01199375022954
40.71285243699718,-74.00553019406236
40.70829934528521,-73.99977150067653
40.70212379570618,-74.00742379485021
40.714002956317124,-74.00085561165942
40.71991614878089,-74.01724642091838
40.69745885829265,-73.99322323178102
40.7161231401198,-74.01348486536557
40.72831151975522,-74.00484325365707
40.72459297184064,-74.0053248151859
40.73340747924882,-73.98844659157557
40.71031035851521,-73.99628429049045
40.71925375949585,-73.99231368442467
40.7031507653942,-73.99913948540002
40.7233842448685,-74.02358739486424
40.70096741487335,-74.0263923217776
40.710105931655555,-73.99882457744204
40.72782357052096,-74.0052590521958
40.72908615545571,-74.01980101458214
40.69576617560645,-74.00655547698896
40.716640654489396,-74.00632694748094
40.6921255789996,-74.00689120039513
40.69975530499495,-73.9993032745117
40.71646598246097,-74.01539879786327
40.70766133082663,-74.01659213521889
40.71217320902727,-73.99644857679499
40.702942739536645,-74.00095953484482
40.70749742381628,-74.01392872832263
40.711729696400454,-74.01635242322419
40.70726350694653,-74.0179787789259
40.73244725132916,-74.00564736448028
40.70580274492008,-74.00386020089266
40.711676719503096,-74.00820969599533
40.718941667000436,-73.99842492289953
40.7074949885239,-74.01175818240645
40.710049483028484,-74.02901921164735
40.69764808937801,-73.99233125732556
40.729249677135016,-74.00849036039557
40.718565569630556,-74.00288749845457
40.74358880808455,-73.99480425088565
40.71152082408519,-74.015555404406
40.696735536797426,-74.00396536364133
40.70523649254716,-74.02022253709598
40.70633427115757,-74.01681548003614
40.729671416350726,-73.99718360243051
40.71272027358683,-73.9912005586111
40.713573683076476,-74.01461284201328
40.7280312407727,-74.00061089956316
40.70242753845674,-74.00790338678084
40.70404381746616,-74.01982799730965
40.72206177547532,-73.9869058335953
40.69881432426181,-74.00037030763309
40.70629357430878,-74.01087125383765
40.706876060757615,-74.0146399076968
40.71328521627945,-74.0143095011641
40.7155045682578,-74.00650238109449
40.71041051953134,-74.01507563662041
40.70703228669432,-73.99844608774174
40.71780917187625,-74.01577555244799
40.7137933230543,-73.99848612876629
40.69610594718879,-74.0005663980762
40.70617376241054,-74.00029401331408
40.705167408434576,-74.02404882100664
40.69652457562117,-74.00551915053339
40.71539722501721,-74.01504316625105
40.71918592458778,-74.0226152006227
40.71213920201353,-74.01811016199763
40.70628163892198,-74.00552601328684
40.70419586634716,-74.0098455554423
40.72286292809215,-74.01176891869522
40.72115692112065,-74.01729706854658
40.71809804177916,-73.99158431379342
40.68808355499873,-74.0139689525547
40.71857072127181,-74.00803045386043
40.71651145873371,-74.01203985186716
40.71366589787473,-74.00755677235392
40.7244778206166,-74.00345579156699
40.71617602662075,-74.01011876966122
40.707923937759276,-74.01032558187819
40.716744521423784,-74.0102098448082
40.715697748568964,-73.98524599201355
40.72151124703432,-74.00926023532168
40.72481213922164,-74.01008075373022
40.69241875464822,-74.01608086310918
40.694092080789744,-74.00951513484041
40.712984183791896,-73.98923562687725
40.716069273737645,-74.00819100528808
40.72109405581184,-74.02811135309008
40.71515614558109,-73.99829134806113
40.6980141375422,-73.99456245956793
40.71618496407495,-74.01015287913901
40.719127818661065,-73.98329307142195
40.714618662550585,-74.003517794137
40.7082063910046,-74.01449844369465
40.72110335816544,-74.01456083825909
40.713515662372195,-74.01077657446766
40.717589798257464,-74.00266337894713
40.72317539944258,-74.01110016398854
40.71010125064707,-74.01578763715783
40.70835706739924,-74.00222699506955
40.72036988616645,-74.01522165324178
40.72149605920106,-73.99244362141195
40.716934349032236,-73.98723204187442
40.70506210800897,-74.01844654703311
40.695012797510955,-73.99103955688511
40.719343656563545,-74.0065558467091
40.7155996862632,-74.01725489047298
40.73725751979617,-74.00470778818024
40.71389394794605,-73.99874233376102
40.71761009231737,-74.0037611597572
40.70489525544555,-74.00128531642864
40.73162024496475,-73.99254579953845
40.72873186626639,-74.01111215676431
40.70290395179742,-74.007257869201
40.713357249122886,-73.99505808481528
40.69587535370285,-73.99070449680539
40.71121992101421,-74.01026881069947
40.7026789562474,-74.02254856671865
40.72103170583962,-74.00526682032812
40.69990039100259,-74.01895078772064
40.7094421530071,-73.9893097847471
40.710204086486364,-74.02103142953118
40.71034256935914,-74.00872723569748
40.68583113357059,-74.00654294866519
40.710490654697914,-73.99903793635187
40.731289560949456,-73.99473434970453
40.710111113094456,-74.01706525908742
40.7385335980325,-74.00540781565985
40.71293929291913,-74.0062412508711
40.71478084760768,-74.00744360411925
40.7070633799312,-74.0114685894124
40.71247246729784,-74.01143424771134
40.70567154217323,-74.00493569772308
40.710250227825796,-73.99096007011417
40.686290301916074,-73.99508493148078
40.72526085192498,-74.02673390232408
40.7093731240592,-74.00971440865996
40.698724883052826,-74.01377816687591
40.70169424154534,-73.98847729556576
40.722156783931474,-73.99328444905007
40.72001672064044,-74.01729051771217
40.7075547973372,-74.00110625438772
40.70057872191108,-73.99887001569827
40.71039674601842,-74.0097482080755
40.71990959968203,-74.00155736688514
40.70919033834181,-73.99440670196635
40.701989366724,-73.99984064393055
40.71873101257969,-74.00909546439314
40.71606133022242,-74.01851113576386
40.72204027019207,-74.00784902136444
40.70757276979481,-73.99550990774163
40.705756563094575,-74.02008461296363
40.69723370826476,-73.99993990048654
40.699995706475036,-73.98845205818016
40.69198070592116,-73.9890354363171
40.71491017467203,-74.0069671311187
40.70735080913191,-74.00200863885648
40.71242365297575,-73.99496698117983
40.71394227648662,-74.00449698238538
40.70916387787786,-74.00656945623722
40.71587801768892,-74.02310168392657
40.699318145778946,-73.99856735905978
40.714508654381284,-74.00783983336353
40.71298433933065,-74.00252418294639
40.70740240319691,-74.01378304725402
40.71475845255098,-74.01578372777615
40.716882527557146,-74.02302583604238
40.723091556373255,-74.00127402517587
40.71536029734314,-73.99617309016054
40.729454744444624,-73.99585629934982
40.69439125768668,-74.01879576966736
40.70655181422305,-74.0057390894979
40.71797659020469,-74.01325743813153
40.714667667644775,-74.01355382932353
40.70668482197008,-74.02006661096848
40.70356766753889,-74.01951684605616
40.703041267470226,-73.99546358203392
40.703306011111685,-73.97967617935163
40.71773317900881,-74.00415163876305
40.704216422198186,-73.99899690120591
40.707043621737625,-74.00477990185355
40.73840084538269,-74.00696059899725
40.72429273326286,-74.01303176425125
40.71245011509503,-73.98829199364364
40.70653032942212,-73.98787551442003
40.719877519354554,-74.01162466775894
40.71912407739055,-73.99627445550374
40.719018099622176,-74.0217022471989
40.70552862824175,-74.00847518635551
40.712055665709,-73.99979327902449
40.714577010009336,-74.01935344358711
40.71660197851006,-73.99989414254716
40.71839790447931,-73.99519219274445
40.72113922154549,-74.00140819920772
40.71209834288541,-74.02260960933516
40.71709618219133,-74.00392312312837
40.71551578837195,-74.0187674857582
40.701989434595916,-73.99546847146667
40.712404448461434,-73.99918499302628
40.713083183761306,-74.00570243860504
40.739992838059756,-73.94040244728218
40.731571207769406,-73.93986475288705
40.726265037725675,-73.93833372123468
40.732831337716334,-73.94002948621663
40.74316756125573,-73.9441880730222
40.728741283558385,-73.93963931058275
40.74507977884354,-73.93327645223489
40.74092844539469,-73.95009760373037
40.733280502658694,-73.92634569204377
40.731432839892754,-73.92458719624935
40.725437115499,-73.92114852559814
40.75359898123619,-73.9388703856044
40.72615497478599,-73.92070815522882
40.74640572145731,-73.94047060027154
40.72640813182904,-73.9380598460886
40.717165494889656,-73.94442851946485
40.72056859233248,-73.94291997565104
40.73026315112613,-73.93289985267464
40.74611500492814,-73.94522554040739
40.740453223984765,-73.93738188844226
40.730115362903476,-73.92849380507833
40.719382779784375,-73.93141790253816
40.73227452208213,-73.93031748735991
40.73350168643908,-73.91068899860089
40.724232600157485,-73.94055196955001
40.724378594735754,-73.9407967711916
40.724236128726936,-73.92335183468893
40.7448150424799,-73.9409494629375
40.72228644426896,-73.93052784443614
40.72508776955719,-73.92891268182245
40.73263923020851,-73.95039944114997
40.7460850520133,-73.91728322326905
40.724482113095156,-73.93911901559936
40.733468653907245,-73.93189743210013
40.73719544272673,-73.91513995461234
40.728840527725055,-73.94322497244539
40.71681680771985,-73.94255130039942
40.73027873027126,-73.91729642136482
40.725433887009636,-73.93300412048362
40.73044577103927,-73.92335806726553
40.755879324258736,-73.9405506877292
40.72571560557482,-73.92480039122931
40.73742891489626,-73.91677492674265
40.73644928185326,-73.93883492090788
40.73651654830692,-73.92415496419417
40.73881482181197,-73.93016925968892
40.74127674689589,-73.92354904409555
40.74443158991038,-73.92875490112411
40.72893881919683,-73.93377486313567
40.742675089665084,-73.94341135670987
40.734296733088726,-73.93917538812327
40.73089744822935,-73.92245748137393
40.7325209906802,-73.93477763451844
40.7170114385902,-73.92777946433974
40.73706484181141,-73.91360945276695
40.72753221765047,-73.93305049672337
40.73310383683711,-73.91946746720237
40.72965704467613,-73.9324517847423
40.736688965097166,-73.93337590876844
40.726145663854496,-73.93330110007102
40.741346317498596,-73.94550715299411
40.73193969674147,-73.94224320814939
40.74256046628925,-73.95047386904784
40.725020781527284,-73.93146988124936
40.746265240292345,-73.93589950261074
40.725058004733064,-73.91643042930559
40.716129860995835,-73.9572300595662
40.735010144500535,-73.94026254224353
40.72039767182869,-73.92815843552701
40.73304800713771,-73.94088278630737
40.71780695601329,-73.9265174267172
40.73711201177959,-73.9362337586378
40.74907636996048,-73.94594284766326
40.71535474829075,-73.94216108069881
40.73015413983644,-73.93280860550678
40.72819763942144,-73.93172144603486
40.7180946057581,-73.92080435395927
40.72978848821607,-73.92406904168412
40.734037253463775,-73.93067446780846
40.73630767280232,-73.93076491439983
40.73703722759868,-73.92195047469868
40.73257521169701,-73.92815196242412
40.72971264305713,-73.92084082784551
40.723846076979406,-73.9172325956709
40.730208420493554,-73.94954975102118
40.73189104414911,-73.94205251657475
40.73901643548989,-73.94176823979302
40.72614816566785,-73.95413740730946
40.726086936807505,-73.9594807932663
40.71477097176514,-73.92763785343855
40.738468001586504,-73.93098742438215
40.72094023856871,-73.93571911356142
40.730573974609094,-73.94682564689192
40.74564398301767,-73.92646837709425
40.7284003582617,-73.93497314161006
40.732693828079476,-73.95565934868425
40.72813822617479,-73.94206184247999
40.72059379990105,-73.93805300292887
40.74858686526849,-73.92883357138733
40.72489821010217,-73.92951617218644
40.74460355436586,-73.92599566317088
40.7312063036992,-73.94171136777706
40.737592233136134,-73.93130714614578
40.739561932200274,-73.92889028198319
40.741105527153195,-73.94059435211561
40.74378394065634,-73.93326600395308
40.751362608726254,-73.9421338781809
40.74796963803165,-73.93326289216537
40.72409581996386,-73.94008085834055
40.72740652691805,-73.93100034053599
40.73583835488035,-73.94097900003939
40.73036645407739,-73.91381929641388
40.74788543170101,-73.93087876330326
40.730990034781684,-73.93404168673283
40.7367451797273,-73.94546992565199
40.72803623462576,-73.95192784073878
40.73460223122605,-73.92877004060297
40.725778135377006,-73.9195021323671
40.71835234336997,-73.9498857488021
40.7328545181856,-73.92477101697388
40.74744927691458,-73.9398308426287
40.741396808334315,-73.93562708469501
40.72888372700059,-73.92640540062513
40.73713322878413,-73.95100592156984
40.745375403497256,-73.92144108645853
40.724354372984905,-73.93128396466562
40.73555030186282,-73.93263526234176
40.725106948461544,-73.94195823367939
40.73035445929008,-73.9235147098074
40.736046001545944,-73.93894814332086
40.73832698710648,-73.9637274262063
40.74209765700372,-73.95263913778778
40.72698559058597,-73.94643869894627
40.71766318524279,-73.92363373212622
40.72593298798688,-73.93177696118269
40.73014079421121,-73.93047159172777
40.7313782189106,-73.9480719222419
40.74057266819447,-73.94017956583161
40.715044181013404,-73.93952315160966
40.74561759790634,-73.92673978257886
40.72712347865592,-73.93873457704319
40.72739364948782,-73.91447452016439
40.73442935452231,-73.9309415835281
40.74091283454032,-73.93285410840974
40.72801957854179,-73.93720549849085
40.72989398740586,-73.9356142223651
40.73788629543637,-73.93472254114192
40.737936400772156,-73.9360491658011
40.73139635190316,-73.95522400684533
40.73977327674702,-73.93177711524102
40.7405901010986,-73.96420455378194
40.7514937470478,-73.93663789628155
40.741691828167376,-73.94564105927125
40.736737739050625,-73.94577615563173
40.72437231039304,-73.91610168646133
40.728703175992365,-73.9330676712682
40.73931067730689,-73.93028518112028
40.73211418905144,-73.93159238997534
40.75464415585238,-73.93581818797034
40.73262099046715,-73.92473545603993
40.74166525932958,-73.9233716969444
40.73699730222029,-73.9466720491273
40.74694431532301,-73.94670545393019
40.73363635465239,-73.9427847585002
40.729968616534066,-73.93195437589696
40.7338235721545,-73.93102279245765
40.746747112690585,-73.93070665698487
40.72816843364709,-73.92560112831711
40.74250470488924,-73.94751807815138
40.7365840006985,-73.9282302725769
40.7276343649664,-73.92148493186689
40.729109444129676,-73.93398623546528
40.72887928175716,-73.93508620952419
40.71964724913105,-73.94964250882595
40.746555050632246,-73.94371161348319
40.72069607650543,-73.95677590113604
40.7242203825231,-73.94847289793408
40.747030151601365,-73.92514382910657
40.72372849654822,-73.91271764194656
40.74042765486991,-73.93849031383509
40.70561594285126,-73.91233257427409
40.716714275332365,-73.95169598746958
40.7408357043201,-73.91084447593661
40.7444527281851,-73.92960290879948
40.73655754341665,-73.9267078444122
40.73819928589786,-73.9324300857603
40.731652011039515,-73.93586793127899
40.72307035411133,-73.93804875076867
40.713680431858045,-73.93622539626794
40.72072408892849,-73.94627789317217
40.73240894151154,-73.92132197713656
40.739793166060025,-73.95094700603623
40.72071371863429,-73.92583428812011
40.72078512606461,-73.93748833149998
40.736110520990245,-73.94492544454864
40.73166375506146,-73.94858225494919
40.72459632356048,-73.93204418065858
40.714680062664684,-73.93083725262039
40.73041362201073,-73.92971710045583
40.732849141340644,-73.92160059570027
40.70725224502648,-74.01289405541125
40.70722297503033,-74.00316701970964
40.70648860070326,-74.00819408308796
40.69898008312194,-74.01522900917551
40.69197394728201,-73.99110423256813
40.69356136764609,-74.01552905197796
40.69881592734431,-73.99965075623055
40.703050503217085,-73.99612257927326
40.69926509375757,-74.00581005837776
40.697646529467406,-73.98714850872227
40.694124015809706,-74.00550179289773
40.71233776880933,-74.00446200902549
40.704147123411225,-74.00989820699733
40.706438114719795,-74.01007002001629
40.715638791167954,-73.98649476998409
40.70042508214993,-74.02229802979579
40.70511717951649,-73.98280290662346
40.69796325432031,-73.99220883194556
40.72277700814077,-74.01413588241708
40.711689830791855,-73.99231603376872
40.70220872259013,-74.01063580360102
40.700183190860514,-74.01874756730693
40.69950722454934,-74.02083940266762
40.70634083468259,-74.01629973231059
40.70833785911791,-74.02415895646203
40.70930880232215,-74.00026471038392
40.68606264357429,-74.00485943430152
40.718276689924735,-74.02069641018691
40.72272572386838,-74.00440980990633
40.69894988144242,-74.00915769077658
40.71158326912522,-74.00783994608588
40.71138755992447,-74.01780673593079
40.70769360824036,-74.02273714496906
40.704887739386514,-74.01763907641465
40.69864470057411,-73.9962390682479
40.71691310120595,-74.00250861879093
40.695076872353276,-74.01176408449695
40.718130976999795,-74.0071828308636
40.72919329539982,-74.00466682160605
40.707920491164906,-74.01169116464203
40.70733540904783,-74.01012469836381
40.71308108676689,-73.99903297683205
40.69814010539493,-74.02191232953558
40.68763794626897,-74.00352008673087
40.69496633393826,-74.03012890592953
40.70988578604531,-73.98367000482567
40.7059392908846,-74.00021509225549
40.70681829358548,-74.00958889653191
40.71519076482988,-74.01150274544189
40.70867392314072,-74.00538302193804
40.69931909546357,-73.99867957650464
40.70425040243305,-74.01615745159494
40.71136509843571,-74.01758467981792
40.706281811573696,-74.00869118996644
40.71685895565832,-74.0038530176712
40.70574973041255,-74.000422337008
40.719902075490175,-74.00302189693649
40.70610352619844,-74.0217183623235
40.69534886336925,-74.01165224704354
40.69990487797841,-74.01046971302985
40.70656649924897,-74.00330307245643
40.70529501221941,-74.00373498356174
40.70664474414811,-74.02835466566354
40.69660664606182,-74.01004087555722
40.69390305257159,-74.00260071270004
40.72130750832344,-73.99641238148303
40.7038655712907,-73.9936927386315
40.707486674572024,-74.01197085971118
40.699865973364595,-74.01162469686489
40.70211823181459,-74.00689583777624
40.707605739810504,-74.00856953979847
40.71036938169747,-73.99669353725214
40.715495541354414,-74.0234489796845
40.68046078865098,-73.99925680088761
40.69233121301585,-74.01084765401893
40.69429886973941,-74.0266198043758
40.71141462728205,-74.00100844839697
40.700234895992736,-74.03451042292146
40.70053755551748,-74.00468195994597
40.69121088431226,-74.0067664008022
40.705846901508274,-74.002807085004
40.707195803684144,-74.01833068940881
40.717965715016646,-74.01018529573027
40.705726954604906,-74.01793267959073
40.70156717748809,-74.01744802714028
40.70427053940077,-73.99148291519857
40.69228098857069,-74.02473561397876
40.72071170327494,-74.01069323677152
40.699309272613405,-73.99820095312604
40.699943844602636,-73.99033990286453
40.7127792587134,-74.01347911408146
40.72757308213266,-74.01465714923003
40.713420953720096,-74.00560707419594
40.71901741289399,-73.99298488803274
40.70632004149066,-74.01613417870347
40.710599721429396,-74.01537715369753
40.726133872475266,-74.00723464668917
40.702346784486885,-74.00675319694135
40.69252873710471,-74.01831614038511
40.71800413907945,-74.01516894278971
40.69553089017318,-74.00323347247473
40.71785704154663,-74.00141046689335
40.71596047685806,-74.0161679508857
40.69178189333258,-73.99358666348044
40.702773201611585,-74.01110833016455
40.719281941418494,-74.00303769990599
40.71055887772082,-73.98694997655099
40.6995648176962,-73.99932159871919
40.706570131248974,-74.00591407721137
40.72128468426413,-74.00352164243711
40.7113829607905,-73.9978749266269
40.70235047270457,-74.01699209667339
40.69555190805979,-74.02826356589377
40.726562071299405,-74.01963208365721
40.703787463764144,-74.0113681329989
40.7090740669781,-74.0004426278746
40.7146047348836,-74.01443077438569
40.70432878286214,-74.00577420049513
40.70351308873817,-73.9925265442398
40.71090974951638,-74.0012512221395
40.712628812686674,-73.99686526142514
40.70781021558704,-74.02156831947956
40.70999687951753,-74.01511356893792
40.700713833182505,-74.00273635981245
40.71838283071434,-74.00838728423264
40.709088330125994,-73.99157785055365
40.70840753179489,-73.9825831688582
40.71165509645632,-74.02620762759156
40.71353341621105,-74.00478841615117
40.71889752754083,-74.0018681864873
40.70461544016017,-74.0208429823629
40.70390976742714,-74.01710520454209
40.700194765501955,-74.00271421595579
40.72269904504352,-74.00465328470177
40.69404116937965,-74.0041539733178
40.71796631486646,-74.0146978290432
40.70465982833328,-74.00845311805271
40.69815101686918,-74.00211719566157
40.704790518513924,-74.00440467556093
40.69712507822198,-74.01297458300324
40.71322381357828,-74.01232833152092
40.723269638512335,-74.01259636185615
40.70824684725752,-73.99927409168127
40.69181634267067,-74.02620808811982
40.690743436854305,-73.99597415896572
40.70048141854108,-73.98301800714331
40.70035752401343,-74.00675448696803
40.721421099525685,-73.98853907111841
40.726615035766365,-73.99651633769408
40.716240625258116,-74.00267473050799
40.713783610761666,-74.01411185716329
40.69781801116578,-74.00863374457411
40.70429815377475,-74.01313228049328
40.71296387447457,-73.9990469479143
40.70688406886292,-73.99382469918945
40.694583108858666,-74.01053659459279
40.69883177679397,-74.02726536617074
40.705173193141576,-74.00981747508384
40.72113449743242,-74.00229188315446
40.69575813175671,-73.99005907433666
40.71821033695526,-74.00277902296531
40.70373515901151,-74.01819439236723
40.70227793223929,-73.99771251380297
40.72484586305935,-73.99316756471728
40.70111150578214,-74.0197961743329
40.707408862469116,-74.02628439365563
40.70923167714185,-74.01007602586299
40.70133963498132,-74.02454703067266
40.711136001065704,-74.01392700839662
40.6943008316429,-74.03732262213282
40.705724850949494,-73.9908774840333
40.72261259214548,-74.01317096256587
40.699977879396386,-74.00391225743925
40.69601614560812,-74.0055820810018
40.71366080278385,-73.99633066776116
40.704998459235206,-74.01063673750177
40.69722017413244,-74.0168688035404
40.70373521108099,-74.00492634493185
40.715135846262335,-74.0166317895068
40.7209268856896,-74.01131123601043
40.70578632705652,-74.01607211679148
40.68175759739727,-73.99975954603639
40.713368438970925,-74.01141327557119
40.706669907172255,-74.00344060782297
40.69037454143114,-74.01389052677347
40.71394264679622,-74.02114289423169
40.70893557932167,-74.02216581804623
40.71066429982434,-74.00895641482298
40.68984868184095,-73.99695260645542
40.698654084232025,-74.01670252437015
40.70800569197231,-73.99711362650571
40.695841781810216,-74.00798320150152
40.710288165003305,-74.00166894392737
40.707764415552774,-74.01227027839083
40.69772409779352,-74.00773856116953
40.69527860988015,-74.03781350483494
40.71036559804158,-73.99956065158914
40.682370675644584,-74.0186973070471
40.71219154261006,-73.98802504530289
40.706207937076755,-74.01588002941229
40.75087103558895,-73.96345123580852
40.74624035820875,-73.9851919200665
40.74787256477818,-73.98673328608258
40.75392670315995,-73.9609532154153
40.75593079273116,-73.97972353502126
40.74978188731084,-73.99283190808697
40.76153109777147,-73.97797837197012
40.75089520086409,-73.94526892432155
40.75568752908365,-73.98471791050095
40.74843642403794,-73.96571554290803
40.75383270410538,-73.99158277978317
40.76189228934575,-73.98388144085538
40.771432977762174,-73.96639951934284
40.74822678104341,-73.96438983638265
40.75337855510527,-73.96867226324878
40.75754732817294,-73.9856635665499
40.74626450167682,-73.96690039182418
40.74935224667893,-73.98123648463242
40.7431487742065,-73.97296400934407
40.77332524919243,-73.98787532914254
40.75294219456673,-73.96307779444584
40.75190358608754,-73.9726762820375
40.74207606471853,-73.97291692902792
40.750828557349955,-73.9673427000432
40.76457386051565,-73.95130436357981
40.75849633173213,-73.97394203683417
40.75464384301577,-73.98073166292811
40.75608483843462,-73.98015401410139
40.754384609762695,-73.96402402464392
40.7426345743472,-73.9658012143887
40.7658711506734,-73.97838068526991
40.73148145100991,-73.98327821987094
40.76566994546561,-73.97742868062298
40.742706977677045,-73.98224774921228
40.76110620026504,-73.97173266431798
40.7503106790083,-73.98086824411814
40.748782418509556,-73.98642410184497
40.76885375689469,-73.98042320469212
40.764871585208255,-73.96198683948077
40.76268310898148,-73.98151620312717
40.75673730090336,-73.9774419560639
40.743662981392696,-73.97395640718278
40.7409096020884,-73.96532320611539
40.748053827027015,-73.97518840344127
40.75553287871546,-73.97978904973704
40.75856693801475,-73.98194903656622
40.76141297297457,-73.99065979680246
40.753963795795464,-73.95781071000941
40.742696686753945,-73.98397744970525
40.75783907849659,-73.9754041821806
40.75620630099273,-73.97230812869851
40.759047214685616,-73.96610300158044
40.756798186569284,-73.97961257654619
40.75942573701202,-73.95820118065105
40.751373662536174,-73.9869452930467
40.76377080669287,-73.97840381163954
40.73097330453986,-73.96872578322849
40.747346718140456,-73.97810533282303
40.75601980330569,-73.9752950032022
40.75979451817139,-73.9815548637057
40.75783105798176,-73.97979546677584
40.76008810480887,-73.97104632515986
40.74334561297955,-73.96634017883825
40.74734036554886,-73.96911942201719
40.75637287313401,-73.95881816323204
40.75046534017628,-73.98069316796118
40.75250580394112,-73.98023179782834
40.76069941901942,-73.99336310608436
40.742163175808535,-73.98787802921579
40.762203075919736,-73.96009386627418
40.751655507814625,-73.9788882172319
40.75340052163113,-73.96558121697392
40.74342646865809,-73.97481631017264
40.76245197629782,-73.9721890583006
40.75459581616598,-73.96718953907433
40.72566767707001,-73.97042124680469
40.74615924316873,-73.99550632896856
40.75781202599525,-73.96346341454837
40.75132551485372,-73.96767125452797
40.76882278257988,-73.96405085546415
40.769099645293714,-73.96977872508928
40.75345433638901,-73.99321965811897
40.750239375118696,-73.98563246595316
40.77440942717497,-73.97895885812432
40.753932048067846,-73.9716851462396
40.75313602446372,-73.96024948959568
40.74647350638265,-73.97525392544762
40.74527529414301,-73.9904002251122
40.74658230909095,-73.97757036797049
40.748406977754826,-73.98412420979874
40.73863682536328,-73.97803105572628
40.73765279625969,-73.9695994403631
40.75352439752934,-73.99177551499464
40.749607909229496,-73.9847215640559
40.755891745104186,-73.96379549553977
40.73394827530354,-73.97604973920852
40.75109867204433,-73.97048659923549
40.754831966282374,-73.98471969331739
40.74950946064333,-73.98516025856803
40.763460071385985,-73.97698688351328
40.771711906857526,-73.97780660813814
40.74561593233089,-73.99233714392612
40.73466860323744,-73.99304135943005
40.75537126651011,-73.9721127497677
40.736888092979676,-73.96824961685924
40.747869389483164,-73.97573206988014
40.76882220628255,-73.96823160684134
40.75001469352094,-73.98611192225415
40.731181845986704,-73.98439153319242
40.75058869761172,-73.9870717952715
40.751387430329075,-73.97643148117041
40.75045144018192,-73.98370002580823
40.754386546719665,-73.9727805935043
40.74179600922557,-73.96309067620254
40.75171411867716,-73.97701150377054
40.75978214423256,-73.97486783868736
40.76223136633913,-73.97432875834798
40.746575626253595,-73.97358496474793
40.74126273792679,-73.97611440294223
40.75236770009355,-73.97928116857273
40.751414624885605,-73.99601849045497
40.747212750922586,-73.97627155098859
40.754298563919974,-73.98747675140926
40.76535707840864,-73.98586174848214
40.76239457200526,-73.97292805638128
40.74623772690156,-73.9594468910739
40.740763631682434,-73.9680084582639
40.762705823180426,-73.98390620209076
40.76662465300064,-73.97970046514598
40.755586936292794,-73.97459678161228
40.751356912585294,-73.9690919172684
40.76063488720552,-73.99468531973238
40.765743402428775,-73.99382491988035
40.763025462043416,-73.96593294863172
40.74179033569784,-73.98130814287954
40.741642953315136,-73.97934921030289
40.74961965715814,-73.9694033946773
40.765803087461194,-73.9632431618921
40.747078319734214,-73.97929221873744
40.73586561807779,-73.98525870066496
40.762348516330974,-73.96104417176451
40.7403565112812,-73.98312464259152
40.75243594243041,-73.9743983884118
40.74460396480078,-73.97295938955536
40.74796160652929,-73.97734452270878
40.75816284248003,-73.97713577730188
40.74833614109473,-73.97829609803925
40.751816370407944,-73.98090011029882
40.75011203937333,-73.96121352829495
40.75830919447941,-73.98015480318028
40.7596695440451,-73.98053819489756
40.764431246375864,-73.97350357807801
40.751626978559955,-73.97272283074189
40.73699123847931,-73.98846767468909
40.74076074993601,-73.97577056905236
40.77002514999485,-73.95488699853807
40.7590805110144,-73.97219155525055
40.73468942265847,-73.98262673799734
40.744822162480915,-73.9834084759825
40.75101856181415,-73.98192090577697
40.73290700189624,-73.96972089743882
40.7419725697426,-73.97480753135889
40.773440826697495,-73.98639384591586
40.72739712477254,-73.9800600422188
40.76370959634998,-73.9576165254578
40.740404504055476,-73.97223300776763
40.748046895432196,-73.97825948354304
40.77914343347017,-73.99222970328395
40.755237396614945,-73.97252306828234
40.76355786324939,-73.97622016846529
40.75578050539504,-73.98111648567422
40.75539126941245,-73.98063192275497
40.75891571889856,-73.98089610336044
40.75647100393902,-73.97749262813684
40.76396050250772,-73.97771393723588
40.73496967531793,-73.96458078499286
40.74364267699137,-73.98373766338648
40.74674338705956,-73.96345561906828
40.73134325786021,-73.94582251466339
40.76326056809066,-73.9749676108587
40.752151059993835,-73.97434445925143
40.75791122428379,-73.97074784414049
40.75825604466003,-73.97630419318745
40.75072661579692,-73.97871273283653
40.75075091719647,-73.96586229903133
40.758635567222804,-74.00660388634664
40.759259007765294,-73.97525263805281
40.75251291243554,-73.98108518453088
40.76394112719986,-73.96772473537877
40.74497122332176,-73.97312947712875
40.74298343265458,-73.99099618164789
40.7464328277541,-73.96857606527617
40.76223125045376,-73.97206914579903
40.759950957868476,-73.97203821712884
40.74628518404777,-73.97288077455326
40.76070409525227,-73.96965708670186
40.76458913371474,-73.97011696152799
40.756214482075414,-73.96649849761683
40.75243478740751,-73.98601874651227
40.75106933036056,-73.98464902644807
